{"cameraMode":{"drawMode":0,"name":"Shaded","section":"Shading Mode"},"sceneLighting":true,"audioPlay":false,"sceneViewState":{"showFog":true,"showMaterialUpdate":false,"showSkybox":true,"showFlares":true,"showImageEffects":true,"showParticleSystems":true},"in2DMode":false,"pivot":{"x":2.7177419662475588,"y":1.7281622886657715,"z":-1.0935518741607667},"rotation":{"x":-0.05711902678012848,"y":0.9334965944290161,"z":-0.3091534376144409,"w":-0.17247217893600465},"size":5.267323017120361,"orthographic":false}